{
  "image_size": 224,
  "interval": 5,
  "threshold": 0.5,
  "tmp_dir": ".\\tmp",
  "mean": [0.16718367, 0.16718367, 0.16718367],
  "std": [0.32906374, 0.33593044, 0.38852182]
}